Code;Level;Beschrijving;Formula;SourceQty;UOM;UnitPerUOM;Waste;Consumption;Quantity;UnitCost;BaseCost;CostType;GrossTotal
#1000;1;Alternatieven;1;1;;;1;1;1;0;0;;0
01;1;ENGINEERING;100;100;uur;-;1;1;100;0;8580;;10038.6
0101;2;Engineering;100;100;uur;-;1;1;100;0;8580;;10038.6
010101;3;BIM Clashsessies (incl. reistijd);16;16;uur;-;1;1.1;17.6;78;1372.8;ENG-A;1606.176
010102;3;Afstemming;68;68;uur;-;1;1.1;74.8;78;5834.4;ENG-A;6826.248
010103;3;Breeam projectadministratie bijhouden;16;16;uur;-;1;1.1;17.6;78;1372.8;ENG-A;1606.176
02;1;MAATVOERING;1;1;pst;-;1;1;1;0;7097.2;WDD;8303.724
0202;2;Maatvoering balken en betonwerk;60;60;uur;-;1;1.1;66;85;5610;;6563.7
0203;2;Inmeten palen ivm te verwachten afwijkingen;PAAL.Count+Paal.Count;676;st;-;1;1.1;743.6;2;1487.2;;1740.024
03;1;BOORWERK;1;1;pst;-;1;1;1;0;484698;;567096.66
0301;2;Uitzoekwerk palen + maken palenplan;80;80;uur;-;1;1.05;84;78;6552;ENG-A;7665.84
0302;2;Maatvoering conform palenplan;24;24;uur;-;1;1;24;75;1800;WDD;2106
0303;2;Heiwerk palen, conform palenplan;1;1;off.;-;1;0.95;0.95;475000;451250;WDD;527962.5
0304;2;Doormeten palen;1;1;pst;-;1;1;1;8000;8000;WDD;9360
0305;2;Risico paalafwijkingen;1;1;pst;-;1;1;1;2000;2000;WDD;2340
0306;2;Voorzieningen heistelling;1;1;pst;-;1;1;1;2000;2000;WDD;2340
0307;2;Controle staten door constructeur;32;32;uur;-;1;1;32;78;2496;ENG-A;2920.32
0308;2;Extra wapening palen;1;1;pst;-;1;1;1;10000;10000;WDD;11700
0309;2;Paalwapeningsberekening;1;1;pst;-;1;1;1;600;600;WDD;702
04;1;GRONDWERKZAAMHEDEN EN KOPPENSNELLEN;1;1;pst;-;1;1;1;0;59642.9;;69782.193
0401;2;Grondwerk;80;80;uur;-;1;1;80;0;9240;;10810.8
040102;3;Betonwerk aanvullen met uitkomende grond;80;80;uur;-;1;1;80;110;9240;;10810.8
04010201;4;Kraan;Parent.Quantity;80;uur;-;1;1.05;84;65;5460;MAT-E;6388.2
04010202;4;Manuur;Parent.Quantity;80;uur;-;1;1.05;84;45;3780;UIT-A;4422.6
0402;2;Koppensnellen;PAAL.Count+Paal.Count;676;st;-;1;1;676;0;50402.9;;58971.393
040201;3;Snelhoogtes afstrepen;(PAAL.Count+Paal.Count)/30;22.5333333333333;uur;-;1;1.2;27.04;45;1216.8;UIT-A;1423.656
040202;3;Aanvoer materieel;10;10;pst;-;1;1.01;10.1;475;4797.5;WDD;5613.075
040203;3;Knijpen palen;PAAL.Count+Paal.Count;676;st;-;1;1.2;811.2;28;22713.6;WDD;26574.912
040204;3;Inzagen palen (eventueel);0;0;st;-;1;1.2;0;25;0;WDD;0
040205;3;Overlengtes palen;600;600;m1;-;1;1.2;720;28;20160;WDD;23587.2
040206;3;Reservering schoonmaken paalkoppen;10;10;pst;-;1;1.01;10.1;150;1515;WDD;1772.55
05;1;FUNDERINGSBALKEN;B-SMART 600.Length+B-SMART 500.Length;705.413959999407;m1;-;1;1;705.413959999407;0;96401.5691574895;;112789.835914263
0501;2;Reservering toegangscontroles / adm. acties;20;20;uur;-;1;1.04;20.8;78;1622.4;ENG-A;1898.208
0503;2;B-smart 500;B-SMART 500.Length;642.113959999407;m1;-;1;1;642.113959999407;0;78328.6480285557;;91644.5181934102
050301;3;Engineering;B-SMART 500.Length/10;64.2113959999407;uur;-;1;1;64.2113959999407;78;5008.48888799538;ENG-A;5859.93199895459
050302;3;B-smart element;B-SMART 500.Length;642.113959999407;m1;-;1;1;642.113959999407;48;46627.5176474348;;54554.1956474987
05030201;4;Element;B-SMART 500.Length;642.113959999407;m1;-;1;1;642.113959999407;33;21189.7606799804;MAT-A;24792.0199955771
05030202;4;Wapening;B-SMART 500.Net Volume*86;14274.8355597387;kg;-;1;1.08;15416.8224045178;1.65;25437.7569674544;MAT-A;29762.1756519216
050303;3;Uitvoeringsuren;B-SMART 500.Length/3;214.037986666469;uur;-;1;1.04;222.599506133128;45;10016.9777759908;UIT-A;11719.8639979092
050304;3;Beton;B-SMART 500.Net Volume;165.986459996962;m3;-;1.05;1.04;181.257214316682;92;16675.6637171348;MAT-A;19510.5265490477
0504;2;B-smart 600;B-SMART 600.Length;63.3;m1;-;1;1;63.3;0;9173.36143259999;;10732.832876142
050401;3;Engineering;B-SMART 600.Length/10;6.33;uur;-;1;1;6.33;78;493.74;ENG-A;577.6758
050402;3;B-smart element;B-SMART 600.Length;63.3;m1;-;1;1;63.3;49.5;5720.14880999999;;6692.57410769999
05040201;4;Element;B-SMART 600.Length;63.3;m1;-;1;1;63.3;34.5;2183.85;MAT-A;2555.1045
05040202;4;Wapening;B-SMART 600.Net Volume*100;1984.455;kg;-;1;1.08;2143.2114;1.65;3536.29880999999;MAT-A;4137.46960769999
050403;3;Uitvoeringsuren;B-SMART 600.Length/3;21.1;uur;-;1;1.04;21.944;45;987.48;UIT-A;1155.3516
050404;3;Beton;B-SMART 600.Net Volume;19.84455;m3;-;1.05;1.04;21.6702486;91;1971.9926226;MAT-A;2307.231368442
0506;2;Gootbalk;GOOTBALK.Length;36.425;m1;-;1;1;36.425;0;6505.05085883386;;7610.90950483561
050601;3;Engineering;GOOTBALK.Length/10;3.6425;uur;-;1;1.02;3.71535;78;289.7973;ENG-A;339.062841
050602;3;Bekisting;GOOTBALK.Reference Side Surface Area+GOOTBALK.Opposite Reference Side Surface Area+GOOTBALK.Ends Surface Area+GOOTBALK.Bottom Surface Area;67.9650124316415;m2;-;1;1.1;74.7615136748057;12;897.138164097668;MAT-A;1049.65165199427
050603;3;Wapening;GOOTBALK.Net Volume*95;1384.15038333984;kg;-;1;1.1;1522.56542167383;1.65;2512.23294576182;MAT-A;2939.31254654133
050604;3;Beton;GOOTBALK.Net Volume;14.5700040351563;m3;-;1;1.04;15.1528041965625;92;1394.05798608375;MAT-A;1631.04784371799
050605;3;Maken;GOOTBALK.Length/1.28;28.45703125;uur;-;1.05;1.05;31.373876953125;45;1411.82446289062;UIT-A;1651.83462158203
0507;2;Betonstrook;BETONSTROOK.Length;7;m1;-;1;1;7;0;772.108837500003;;903.367339875004
050701;3;Engineering;BETONSTROOK.Length/10;0.7;uur;-;1;1.02;0.714;78;55.692;ENG-A;65.15964
050702;3;Bekisting;BETONSTROOK.Reference Side Surface Area+BETONSTROOK.Opposite Reference Side Surface Area+BETONSTROOK.Ends Surface Area+BETONSTROOK.Bottom Surface Area;11.9000000000001;m2;-;1;1.1;13.0900000000001;12;157.080000000001;MAT-A;183.783600000001
050703;3;Wapening;BETONSTROOK.Net Volume*80;98.0000000000008;kg;-;1;1.1;107.800000000001;1.65;177.870000000001;MAT-A;208.107900000002
050704;3;Beton;BETONSTROOK.Net Volume;1.22500000000001;m3;-;1.05;1.04;1.33770000000001;92;123.068400000001;MAT-A;143.990028000001
050705;3;Maken;BETONSTROOK.Length/1.28;5.46875;uur;-;1;1.05;5.7421875;45;258.3984375;UIT-A;302.326171875
07;1;POEREN;1pp B600.Net Volume+POER A.Net Volume+POER B.Net Volume+POER C.Net Volume+POER D.Net Volume+POER E.Net Volume;1363.941246751;m3;-;1;1;1363.941246751;0;588252.314574415;;688255.208052066
0702;2;1-paals poer B600;1pp B600.Count;7;st;-;1;1;7;0;1362.80389503752;;1594.48055719389
070201;3;Engineering;1pp B600.Count/2;3.5;uur;-;1;1.3;4.55;78;354.9;ENG-A;415.233
070202;3;B-smart element;1pp B600.Count*0.5;3.5;m1;-;1;1.3;4.55;57;259.35;MAT-A;303.4395
070203;3;Uitvoeringsuren;10;10;uur;-;1;1.3;13;45;585;UIT-A;684.45
070204;3;Beton;1pp B600.Net Volume;1.31670003652953;m3;-;1.05;1.3;1.79729554986281;91;163.553895037515;MAT-A;191.358057193893
0706;2;Poer A;POER A.Count;66;st;-;1;1;66;0;228213.7896;;267010.133832
070601;3;Engineering;IF(POER A.Count>0,3.5,0);3.5;uur;-;1;1.02;3.57;78;278.46;ENG-A;325.7982
070602;3;Werkvloer;POER A.Bottom Surface Area;446.159999999999;m2;-;1;1.1;490.775999999999;8.6;4220.67359999999;MAT-A;4938.18811199999
070603;3;Bekistingsmateriaal;POER A.Reference Side Surface Area+POER A.Opposite Reference Side Surface Area+POER A.Ends Surface Area;823.68;m2;-;1;1.1;906.048;8.6;7792.0128;MAT-A;9116.654976
070604;3;Maken;POER A.Count*6;396;uur;-;1;1.05;415.8;45;18711;UIT-A;21891.87
070605;3;Wapening;POER A.Net Volume*160;85662.7200000002;kg;-;1;1.1;94228.9920000002;1.55;146054.9376;MAT-A;170884.276992
070606;3;Beton ;POER A.Net Volume;535.392000000001;m3;-;1;1.05;562.161600000001;91;51156.7056000001;MAT-A;59853.3455520001
0707;2;Poer B;POER B.Count;6;st;-;1;1;6;0;5887.00080000005;;6887.79093600006
070701;3;Engineering;IF(POER B.Count>0,3.5,0);3.5;uur;-;1;1.02;3.57;78;278.46;ENG-A;325.7982
070702;3;Werkvloer;POER B.Bottom Surface Area;9.36000000000014;m2;-;1;1.1;10.2960000000002;8.6;88.5456000000013;MAT-A;103.598352000002
070703;3;Bekistingsmateriaal;POER B.Reference Side Surface Area+POER B.Opposite Reference Side Surface Area+POER B.Ends Surface Area;46.0800000000001;m2;-;1;1.1;50.6880000000002;8.6;435.916800000001;MAT-A;510.022656000002
070704;3;Maken;POER B.Count*6;36;uur;-;1;1.05;37.8;45;1701;UIT-A;1990.17
070705;3;Wapening;POER B.Net Volume*120;1347.84000000002;kg;-;1;1.1;1482.62400000002;1.55;2298.06720000003;MAT-A;2688.73862400004
070706;3;Beton ;POER B.Net Volume;11.2320000000002;m3;-;1;1.05;11.7936000000002;92;1085.01120000002;MAT-A;1269.46310400002
0708;2;Poer C;POER C.Count;73;st;-;1;1;73;0;309075.365799999;;361618.177985999
070801;3;Engineering;IF(POER C.Count>0,3.5,0);3.5;uur;-;1;1.02;3.57;78;278.46;ENG-A;325.7982
070802;3;Werkvloer;POER C.Bottom Surface Area;493.479999999999;m2;-;1;1.1;542.827999999999;8.6;4668.32079999999;MAT-A;5461.93533599999
070803;3;Bekistingsmateriaal;POER C.Reference Side Surface Area+POER C.Opposite Reference Side Surface Area+POER C.Ends Surface Area;1138.8;m2;-;1;1.1;1252.68;8.6;10773.048;MAT-A;12604.46616
070804;3;Maken;POER C.Count*6;438;uur;-;1;1.05;459.9;45;20695.5;UIT-A;24213.735
070805;3;Wapening;POER C.Net Volume*160;118435.199999999;kg;-;1;1.1;130278.719999999;1.55;201932.015999999;MAT-A;236260.458719999
070806;3;Beton ;POER C.Net Volume;740.219999999997;m3;-;1;1.05;777.230999999997;91;70728.0209999997;MAT-A;82751.7845699996
0709;2;Poer D;POER D.Count;51;st;-;1;1;51;0;38484.2759956598;;45026.6029149219
070901;3;Engineering;IF(POER D.Count>0,5.5,0);5.5;uur;-;1;1.02;5.61;78;437.58;ENG-A;511.9686
070902;3;Werkvloer;POER D.Bottom Surface Area;66.3005748394744;m2;-;1;1.1;72.9306323234219;8.6;627.203437981428;MAT-A;733.828022438271
070903;3;Bekistingsmateriaal;POER D.Reference Side Surface Area+POER D.Opposite Reference Side Surface Area+POER D.Ends Surface Area;316.200783935419;m2;-;1;1.1;347.820862328961;8.6;2991.25941602906;MAT-A;3499.773516754
070904;3;Bekisten en storten;POER D.Count*6;306;uur;-;1;1.05;321.3;45;14458.5;UIT-A;16916.445
070905;3;Wapening;POER D.Net Volume*120;7956.06898073677;kg;-;1;1.1;8751.67587881045;1.55;13565.0976121562;MAT-A;15871.1642062227
070906;3;Beton ;POER D.Net Volume;66.3005748394731;m3;-;1;1.05;69.6156035814467;92;6404.6355294931;MAT-A;7493.42356950693
0710;2;Poer E;POER E.Count;4;st;-;1;1;4;0;5229.07848371875;;6118.02182595094
071001;3;Engineering;IF(POER E.Count>0,5.5,0);5.5;uur;-;1;1.02;5.61;78;437.58;ENG-A;511.9686
071002;3;Werkvloer;POER E.Bottom Surface Area;7.8999765625;m2;-;1;1.1;8.68997421875;8.6;74.73377828125;MAT-A;87.4385205890625
071003;3;Bekistingsmateriaal;POER E.Reference Side Surface Area+POER E.Opposite Reference Side Surface Area+POER E.Ends Surface Area;42.7198875;m2;-;1;1.1;46.99187625;8.6;404.13013575;MAT-A;472.8322588275
071004;3;Bekisten en storten;POER E.Count*6;24;uur;-;1;1.05;25.2;45;1134;UIT-A;1326.78
071005;3;Wapening;POER E.Net Volume*140;1327.1960625;kg;-;1;1.1;1459.91566875;1.55;2262.8692865625;MAT-A;2647.55706527813
071006;3;Beton ;POER E.Net Volume;9.479971875;m3;-;1;1.05;9.95397046875;92;915.765283125;MAT-A;1071.44538125625
09;1;VLOEREN;1;1;pst;-;1;1;1;0;666272.714249092;;779539.075671438
09A;2;Sprinklervloer;SPRINKLERVLOER.Net Top Surface Area;84.0677676563111;m2;-;1;1;84.0677676563111;0;7800.98341727885;;9127.15059821626
09A01;3;Engineering;SPRINKLERVLOER.Net Top Surface Area/5;16.8135535312622;uur;-;1;1.05;17.6542312078253;78;1377.03003421038;ENG-A;1611.12514002614
09A02;3;Randkist;SPRINKLERVLOER.Edge Perimeter;37.287581900143;m1;-;1;1;37.287581900143;14;920.257521295528;;1076.70129991577
09A0201;4;Materiaal;SPRINKLERVLOER.Edge Perimeter;37.287581900143;m1;-;1;1.02;38.0333335381458;6;228.200001228875;MAT-A;266.994001437784
09A0202;4;Vellingkant;SPRINKLERVLOER.Edge Perimeter;37.287581900143;m1;-;1;1.02;38.0333335381458;8;304.266668305167;MAT-A;355.992001917045
09A0203;4;Maken;SPRINKLERVLOER.Edge Perimeter/4.5;8.28612931114288;uur;-;1;1.04;8.61757448358859;45;387.790851761487;UIT-A;453.715296560939
09A03;3;Wapening (100 kg/m3);SPRINKLERVLOER.Net Volume*100;1681.35535312622;kg;-;1;1;1681.35535312622;1.05;2034.43997728273;;2380.29477342079
09A0301;4;Wapening;SPRINKLERVLOER.Net Volume*100;1681.35535312622;kg;-;1;1.1;1849.49088843885;0.8;1479.59271075108;MAT-A;1731.12347157876
09A0302;4;Aanbrengen;(SPRINKLERVLOER.Net Volume*100)/150;11.2090356875082;uur;-;1;1.1;12.329939256259;45;554.847266531654;UIT-A;649.171301842035
09A04;3;Beton;SPRINKLERVLOER.Net Volume;16.8135535312622;m3;-;1.05;1.1;19.4196543286079;91;1767.18854390332;MAT-A;2067.61059636688
09A05;3;Storten en afwerken;SPRINKLERVLOER.Net Top Surface Area;84.0677676563111;m2;-;1;1.05;88.2711560391267;15;1324.0673405869;WDD;1549.15878848667
09A06;3;Aanvoerkosten betonpomp;IF(SPRINKLERVLOER.Net Volume>0,1,0);1;pst;-;1;1.05;1.05;360;378;MAT-E;442.26
09C;2;Vloer;VLOER.Net Top Surface Area;15178.3626120117;m2;-;1;1;15178.3626120117;0;658471.730831814;;770411.925073222
09C01;3;Werkvoorbereiding / regelen;40;40;uur;-;1;1.05;42;78;3276;ENG-A;3832.92
09C03;3;Vloer;VLOER.Net Top Surface Area;15178.3626120117;m2;-;1;1;15178.3626120117;0;655195.730831814;;766579.005073222
09C0301;4;Isolatie (5m1 strook);1;1;pst;-;1;1;1;0;34438.6459070654;;40293.2157112665
09C030102;5;Isolatie;ISOLATIE.Net Bottom Surface Area;2683.39145294261;m2;-;1;1;2683.39145294261;0;34438.6459070654;;40293.2157112665
09C03010201;6;Leveren isolatie EPS100 (d=120);ISOLATIE.Net Volume;322.006974353113;m3;-;1;1.15;370.30802050608;68;25180.9453944134;MAT-A;29461.7061114637
09C03010202;6;Leggen isolatie ;ISOLATIE.Net Bottom Surface Area/15;178.892763529507;uur;-;1;1.15;205.726678058933;45;9257.70051265199;UIT-A;10831.5095998028
09C0304;4;Delfs Green;VLOER.Net Top Surface Area;15178.3626120117;m2;-;1;1;15178.3626120117;0.4;6071.34504480468;WDD;7103.47370242147
09F;2;Trafovloer;TRAFOVLOER.Net Top Surface Area;65.5400194336014;m2;-;1;1;65.5400194336014;0;6031.92503797933;;7057.35229443582
09F01;3;Engineering;TRAFOVLOER.Net Top Surface Area/5;13.1080038867203;uur;-;1;1.05;13.7634040810563;78;1073.54551832239;ENG-A;1256.0482564372
09F02;3;Randkist;TRAFOVLOER.Edge Perimeter;56.2000058593969;m1;-;1;1;56.2000058593969;14;928.424096797237;;1086.25619325277
09F0201;4;Materiaal;TRAFOVLOER.Edge Perimeter;56.2000058593969;m1;-;1;1.02;57.3240059765848;6;343.944035859509;MAT-A;402.414521955626
09F0202;4;Maken;TRAFOVLOER.Edge Perimeter/4.5;12.4888901909771;uur;-;1;1.04;12.9884457986162;45;584.480060937728;UIT-A;683.841671297142
09F03;3;Wapening (100 kg/m3);TRAFOVLOER.Net Volume*100;1310.80038867203;kg;-;1;1;1310.80038867203;1.05;1586.06847029316;;1855.70011024299
09F0301;4;Wapening;TRAFOVLOER.Net Volume*100;1310.80038867203;kg;-;1;1.1;1441.88042753923;0.8;1153.50434203139;MAT-A;1349.60008017672
09F0302;4;Aanbrengen;(TRAFOVLOER.Net Volume*100)/150;8.73866925781352;uur;-;1;1.1;9.61253618359488;45;432.56412826177;UIT-A;506.10003006627
09F04;3;Beton;TRAFOVLOER.Net Volume;13.1080038867203;m3;-;1.05;1.1;15.1397444891619;91;1377.71674851374;MAT-A;1611.92859576107
09F05;3;Storten en afwerken;TRAFOVLOER.Net Top Surface Area;65.5400194336014;m2;-;1;1.05;68.8170204052815;10;688.170204052815;WDD;805.159138741794
09F06;3;Aanvoerkosten betonpomp;IF(TRAFOVLOER.Net Volume>0,1,0);1;pst;-;1;1.05;1.05;360;378;MAT-E;442.26
09G;2;Putvloer;PUTVLOER.Net Top Surface Area;195.49;m2;-;1;1;195.49;0;15919.8086625;;18626.176135125
09G01;3;Engineering;PUTVLOER.Net Top Surface Area/5;39.098;uur;-;1;1.05;41.0529;78;3202.1262;ENG-A;3746.487654
09G02;3;Randkist;PUTVLOER.Edge Perimeter;85.6;m1;-;1;1;85.6;14;1414.112;;1654.51104
09G0201;4;Materiaal;PUTVLOER.Edge Perimeter;85.6;m1;-;1;1.02;87.312;6;523.872;MAT-A;612.93024
09G0202;4;Maken;PUTVLOER.Edge Perimeter/4.5;19.0222222222222;uur;-;1;1.04;19.7831111111111;45;890.24;UIT-A;1041.5808
09G03;3;Wapening (100 kg/m3);PUTVLOER.Net Volume*100;3924.25;kg;-;1;1;3924.25;1.05;4748.3425;;5555.560725
09G0301;4;Wapening;PUTVLOER.Net Volume*100;3924.25;kg;-;1;1.1;4316.675;0.8;3453.34;MAT-A;4040.4078
09G0302;4;Aanbrengen;(PUTVLOER.Net Volume*100)/150;26.1616666666666;uur;-;1;1.1;28.7778333333333;45;1295.0025;UIT-A;1515.152925
09G04;3;Beton;PUTVLOER.Net Volume;39.2425;m3;-;1.05;1.1;45.3250875;91;4124.5829625;MAT-A;4825.762066125
09G05;3;Storten en afwerken;PUTVLOER.Net Top Surface Area;195.49;m2;-;1;1.05;205.2645;10;2052.645;WDD;2401.59465
09G06;3;Aanvoerkosten betonpomp;1;1;pst;-;1;1.05;1.05;360;378;MAT-E;442.26
12;1;BADENPUT;1;1;pst;-;1;1;1;0;117745.895069064;;137762.697230804
1201;2;Vloer;BADENVLOER.Net Top Surface Area;484.255035742188;m2;-;1;1;484.255035742188;0;35467.5559607483;;41497.0404740755
120101;3;Engineering;24;24;uur;-;1;1.05;25.2;78;1965.6;ENG-A;2299.752
120102;3;Randkist;BADENVLOER.Edge Perimeter;121.5000078125;m1;-;1;1;121.5000078125;14;2007.1801290625;;2348.40075100313
12010201;4;Materiaal;BADENVLOER.Edge Perimeter;121.5000078125;m1;-;1;1.02;123.93000796875;6;743.5800478125;MAT-A;869.988655940625
12010203;4;Maken;BADENVLOER.Edge Perimeter/4.5;27.0000017361111;uur;-;1;1.04;28.0800018055556;45;1263.60008125;UIT-A;1478.4120950625
120103;3;Wapening (120 kg/m3);BADENVLOER.Net Volume*120;11622.1208578125;kg;-;1;1;11622.1208578125;1.05;15852.5728500563;;18547.5102345658
12010301;4;Wapening;BADENVLOER.Net Volume*120;11622.1208578125;kg;-;1;1.1;12784.3329435938;0.94;12017.2729669781;MAT-A;14060.2093713644
12010302;4;Aanbrengen;(BADENVLOER.Net Volume*120)/150;77.4808057187501;uur;-;1;1.1;85.2288862906251;45;3835.29988307813;UIT-A;4487.30086320141
120104;3;Beton;BADENVLOER.Net Volume;96.8510071484376;m3;-;1.05;1.1;111.862913256445;91;10179.5251063365;MAT-A;11910.0443744137
120105;3;Storten en afwerken;BADENVLOER.Net Top Surface Area;484.255035742188;m2;-;1;1.05;508.467787529297;10;5084.67787529297;WDD;5949.07311409277
120106;3;Aanvoerkosten betonpomp;1;1;pst;-;1;1.05;1.05;360;378;MAT-E;442.26
1206;2;Wanden;Betonvulling HW KELDE.Net Reference Side Surface Area;277.239936562515;m2;-;1;1;277.239936562515;0;82278.3391083153;;96265.6567567289
120601;3;Engineering;24;24;uur;-;1;1.05;25.2;78;1965.6;ENG-A;2299.752
120602;3;Levering;Betonvulling HW KELDE.Net Reference Side Surface Area;277.239936562515;m2;-;1;1;277.239936562515;0;35478.0677046892;WDD;41509.3392144864
12060201;4;Levering;Betonvulling HW KELDE.Net Reference Side Surface Area;277.239936562515;m2;-;1;1.15;318.825927046892;100;31882.5927046892;;37302.6334644864
12060202;4;Toeslag wanden > 1.30 m1;481;481;m2;-;1;1.15;553.15;6.5;3595.475;;4206.70575
12060203;4;Dichtzetten koppen;0;0;m1;-;1;1.15;0;75;0;;0
120603;3;Stellen;Betonvulling HW KELDE.Net Reference Side Surface Area/1.8;154.022186979175;uur;-;1;1.1;169.424405677093;45;7624.09825546916;UIT-A;8920.19495889892
120604;3;Stelmaterieel;1;1;pst;-;1;1;1;0;14768.8567668672;;17279.5624172347
12060401;4;Stempels e.d.;Betonvulling HW KELDE.Net Reference Side Surface Area;277.239936562515;m2;-;1;1.05;291.101933390641;3.5;1018.85676686724;MAT-E;1192.06241723467
12060402;4;Steiger;1;1;pst;-;1;1.1;1.1;12500;13750;MAT-E;16087.5
120605;3;Wapening (120 kg/m3);Betonvulling HW KELDE.Net Volume*120;8982.57394462501;kg;-;1;1;8982.57394462501;1.2;12148.9312601053;;14214.2495743232
12060501;4;Wapening;Betonvulling HW KELDE.Net Volume*120;8982.57394462501;kg;-;1;1.1;9880.83133908751;0.8;7904.66507127001;MAT-A;9248.45813338591
12060502;4;Aanbrengen;(Betonvulling HW KELDE.Net Volume*120)/100;89.8257394462501;uur;-;1;1.05;94.3170264185626;45;4244.26618883532;UIT-A;4965.79144093732
120608;3;Vulbeton;Betonvulling HW KELDE.Net Volume*1.02;76.3518785293126;m3;-;1;1.05;80.1694724557782;91;7295.42199347582;MAT-A;8535.64373236671
120609;3;Storten;Betonvulling HW KELDE.Net Volume/1.18;63.4362566710806;uur;-;1;1.05;66.6080695046346;45;2997.36312770856;UIT-A;3506.91485941901
13;1;PLAATSEN INSTORTVOORZIENINGEN;1;1;pst;-;1;1;1;0;18008.2222115385;;21069.6199875
1301;2;Mantelbuizen;50;50;st;-;1;1;50;0;1204.35;;1409.0895
130101;3;Engineering;4;4;uur;-;1;1.05;4.2;78;327.6;ENG-A;383.292
130102;3;Mantelbuis (doorvoer) incl. extra wapening;50;50;st;-;1;1.05;52.5;11.5;603.75;MAT-A;706.3875
130103;3;Meerprijs (doorvoer) >125 incl. extra wapening;40;40;st;-;1;1.05;42;6.5;273;MAT-A;319.41
1302;2;Ankers;ANKER.Count;266;st;-;1;1;266;0;16803.8722115385;;19660.5304875
130201;3;Maatvoeren van ankers;ANKER.Count*0.32;85.12;uur;-;1;1.15;97.888;85;8320.48;WDD;9734.9616
130202;3;Stellen van ankers;ANKER.Count/3.25;81.8461538461538;uur;-;1;1.15;94.1230769230769;45;4235.53846153846;UIT-A;4955.58
130203;3;Ankervoorziening per m1;ANKER.Count;266;st;-;1;1.02;271.32;8;2170.56;MAT-A;2539.5552
130204;3;Inmeten ankers;ANKER.Count/20;13.3;uur;-;1;1.05;13.965;85;1187.025;WDD;1388.81925
130205;3;Reistijd maatvoerders;ANKER.Count/80*3;9.975;uur;-;1;1.05;10.47375;85;890.26875;WDD;1041.6144375
14;1;EXTRA WAPENING;1;1;pst;-;1;1;1;0;8732.44692307692;;10216.9629
1401;2;Splijtwapening;1;1;pst;-;1;1;1;0;2364.96615384615;;2767.0104
140101;3;Engineering;8;8;uur;-;1;1.05;8.4;78;655.2;ENG-A;766.584
140102;3;Wapening;(ANKER.Count*0.2)*20;1064;kg;-;1;1;1064;1.5;1709.76615384615;;2000.4264
14010201;4;Wapening;(ANKER.Count*0.2)*20;1064;kg;-;1;1.1;1170.4;0.8;936.32;MAT-A;1095.4944
14010202;4;Aanbrengen;((ANKER.Count*0.2)*20)/65;16.3692307692308;uur;-;1;1.05;17.1876923076923;45;773.446153846154;UIT-A;904.932
1402;2;Vloerstroken (Ø10-150 + 2Ø10 v/a);KOPPELING VLOER.Length*12;1726.2;kg;-;1;1;1726.2;0;3153.63461538461;;3689.7525
140201;3;Wapening;KOPPELING VLOER.Length*12;1726.2;kg;-;1;1.1;1898.82;1;1898.82;MAT-A;2221.6194
140202;3;Aanbrengen;(KOPPELING VLOER.Length*12)/65;26.5569230769231;uur;-;1;1.05;27.8847692307692;45;1254.81461538462;UIT-A;1468.1331
1405;2;Extra wapening overig;2000;2000;kg;-;1;1;2000;0;3213.84615384615;;3760.2
140501;3;Wapening;Parent.Quantity;2000;kg;-;1;1.1;2200;0.8;1760;MAT-A;2059.2
140502;3;Aanbrengen;Parent.Quantity/65;30.7692307692308;uur;-;1;1.05;32.3076923076923;45;1453.84615384615;UIT-A;1701
15;1;DRUKLAGEN;DRUKLAAG.Net Top Surface Area;15620.7238513005;m2;-;1;1;15620.7238513005;0;451982.767836414;;528819.838368605
1501;2;Engineering en uitvoering;1;1;pst;-;1;1;1;0;10980;;12846.6
150101;3;Engineering;100;100;uur;-;1;1;100;0;8580;;10038.6
15010101;4;Werkvoorbereiding / begeleiding;40;40;uur;-;1;1.1;44;78;3432;ENG-A;4015.44
15010103;4;Modelleren;30;30;uur;-;1;1.1;33;78;2574;ENG-A;3011.58
15010104;4;Tekenen;30;30;uur;-;1;1.1;33;78;2574;ENG-A;3011.58
1502;2;Druklagen;DRUKLAAG.Net Top Surface Area;15620.7238513005;m2;-;1;1;15620.7238513005;0;441002.767836414;;515973.238368605
150201;3;Randkist;1;1;pst;-;1;1;1;0;3622.5;;4238.325
15020102;4;Randkist;120;120;m1;-;1;1;120;0;3622.5;;4238.325
1502010201;5;Materiaal ;120;120;m1;-;1;1.05;126;10;1260;MAT-A;1474.2
1502010202;5;Aanbrengen;50;50;uur;-;1;1.05;52.5;45;2362.5;UIT-A;2764.125
16;1;NADEN;NAAD.Net Volume+(KANAALPLAAT.Count*0.115);386.184080266571;m3;-;1;1;386.184080266571;0;176785.634774686;;206839.192686383
1601;2;Post losse wapening;30000;30000;kg;-;1;1;30000;2;62386.3636363636;;72992.0454545454
160101;3;Wapening;Parent.Quantity;30000;kg;-;1;1.1;33000;1.5;49500;MAT-A;57915
160102;3;Manuren;30000/110;272.727272727273;uur;-;1;1.05;286.363636363636;45;12886.3636363636;UIT-A;15077.0454545455
1602;2;Dichtzetten vloer ;1;1;pst;-;1;1;1;0;39820;;46589.4
160201;3;Materiaal dichtzetten;1;1;pst;-;1;1.1;1.1;15000;16500;MAT-A;19305
160202;3;Materieel dichtzetten;1;1;pst;-;1;1.1;1.1;5000;5500;MAT-E;6435
160203;3;Uren dichtzetten;360;360;uur;-;1;1.1;396;45;17820;UIT-A;20849.4
1603;2;Storten en afwerken;1;1;pst;-;1;1;1;0;74579.2711383225;;87257.7472318373
160301a;3;Beton naden;NAAD.Net Volume;238.984080266571;m3;-;1.15;1.2;329.798030767868;91;30011.620799876;MAT-A;35113.5963358549
160301b;3;Beton hamerkopsparingen;KANAALPLAAT.Count*0.115;147.2;m3;-;1.15;1.2;203.136;91;18485.376;MAT-A;21627.88992
160302a;3;Toeslag beton naden;NAAD.Net Volume;238.984080266571;m3;-;1.15;1.2;329.798030767868;4.5;1484.0911384554;MAT-A;1736.38663199282
160302b;3;Toeslag beton hamerkopsparingen;KANAALPLAAT.Count*0.115;147.2;m3;-;1.15;1.2;203.136;4.5;914.112;MAT-A;1069.51104
160303a;3;Pompkosten naden;NAAD.Net Volume;238.984080266571;m3;-;1.15;1.2;329.798030767868;6.5;2143.68719999114;MAT-E;2508.11402398963
160303b;3;Pompkosten hamerkopsparingen;KANAALPLAAT.Count*0.115;147.2;m3;-;1.15;1.2;203.136;6.5;1320.384;MAT-A;1544.84928
160304;3;Aanvoerkosten betonpomp;10;10;st;-;1;1.02;10.2;1400;14280;MAT-E;16707.6
160305;3;Uren storten;10*12;120;uur;-;1;1.1;132;45;5940;UIT-A;6949.8
18;1;PREFAB (ALLEEN LEVEREN KPV BG);1;1;pst;-;1;1;1;0;33973.56925;;39749.0760225
1807;2;Kanaalplaatvloeren;432.19;432.19;m2;-;1;1;432.19;0;33973.56925;;39749.0760225
180701;3;Leveren;432.19;432.19;m2;-;1;1;432.19;0;29457.18375;WDD;34464.9049875
18070101;4;Leveren;432.19;432.19;m2;-;1;1.06;458.1214;60;27487.284;;32160.12228
18070102;4;Voorzieningen;1;1;pst;-;1;1;1;0;1969.89975;;2304.7827075
1807010201;5;Sparingen;100;100;st;-;1;1.05;105;10;1050;;1228.5
1807010202;5;Kruipsparing;5;5;st;-;1;1.05;5.25;52;273;;319.41
1807010203;5;Deksels;432.19;432.19;m2;-;1;1.05;453.7995;0.5;226.89975;;265.4727075
1807010204;5;Klemhuur;1;1;pst;-;1;1.05;1.05;400;420;;491.4
180702;3;Leggen;432.19;432.19;m2;-;1;1.1;475.409;9.5;4516.3855;WDD;5284.171035
20;1;AANVOERKOSTEN MATERIEEL;1;1;pst;-;1;1;1;0;707.965;;828.31905
2001;2;Aanvoerkosten materieel;1;1;pst;-;1;1;1;707.965;707.965;MAT-E;828.31905
21;1;KLANTKORTING;-1;-1;pst;-;1;1;-1;65677.705;-65677.705;CK;-76842.91485
